<?xml version="1.0" encoding="UTF-8"?>
<templates id="template" xml:space="preserve">
    <t t-extend="AppsMenu">
        <t t-jquery="div[role='menu']" t-operation="attributes">
            <attribute name="class">dropdown-menu cybro-main-menu</attribute>
        </t>
        <t t-jquery=".o_app" t-operation="attributes">
            <attribute name="t-attf-href">#menu_id=#{app.menuID}&amp;action_id=#{app.actionID}</attribute>
        </t>
        <t t-jquery=".o_app" t-operation="attributes">
            <attribute name="class">dropdown-item o_app cybro-mainmenu</attribute>
        </t>
        <t t-jquery=".full" t-operation="replace">
            <a class="full" data-toggle="dropdown" href="#">
                <i class="fa fa-bars"/>
            </a>
        </t>

        <t t-jquery=".search-container" t-operation="before">
            <div class="sidebar-user">
                 <div class="sidebar-overlay-image"></div>
                <div class="sidebar-overlay"></div>
                <t t-set="user_img"
                    t-value="'/web/image?model=res.users&amp;field=image_128&amp;id='+widget.user_id"/>

                <img t-att-src="user_img"/>
                <div>
                    <span t-esc="widget.session.name"/>
                    <br/>
                    <span class="sidebar-username" t-esc="widget.session.username"/>
                </div>

            </div>
        </t>
    </t>

    <t t-name="AppsMenuSidebar">
        <div class="cybro-sidebar-qweb">
            <div class="sidebar-menus" role="menu">
                <t t-foreach="widget.getApps()" t-as="app">
                    <t t-call="multicolor_backend_theme.AppIcon"/>
                </t>
            </div>
        </div>
    </t>

    <t t-name="multicolor_backend_theme.AppIcon">
        <a t-attf-href="#menu_id=#{app.menuID}&amp;action_id=#{app.actionID}">
    <img
            class="o-app-icon"
            draggable="false"
            t-attf-src="/web/image?model=ir.ui.menu&amp;field=web_icon_data&amp;id=#{app.menuID}"
    />
    </a>
    </t>
    <t t-extend="Menu">
        <t t-jquery=".o-menu-toggle" t-operation="replace">
            <!-- Hamburger button to show submenus in sm screens -->
            <button class="o-menu-toggle d-md-none"
                    data-toggle="collapse"
                    data-target=".o_main_navbar .o_menu_sections">
                <i class="fa fa-ellipsis-v"/>
            </button>
        </t>
    </t>


</templates>
