<?xml version="1.0" encoding="UTF-8"?>
<odoo>
    <data noupdate="0">
        <record model="ir.module.category" 
                id="fleet_rent_access_categ">
            <field name="name">Fleet Rent</field>
            <field name="sequence">18</field>
        </record>

        <record id="group_vehicle_rent_user" 
                model="res.groups">
            <field name="name">Vehicle Tenant (User)</field>
            <field name="category_id" 
                ref="fleet_rent.fleet_rent_access_categ"/>
        </record>

        <record id="group_vehicle_rent_manager" 
                model="res.groups">
            <field name="name">Vehicle Rent Manager</field>
            <field name="category_id" 
                ref="fleet_rent.fleet_rent_access_categ"/>
            <field name="implied_ids" eval="[(4, ref('group_vehicle_rent_user'))]"/>
        </record>

    </data>
    <data noupdate="0">
        <record id="base.user_admin" model="res.users">
            <field name="groups_id" eval="[(4,ref('fleet_rent.group_vehicle_rent_manager'))]"/>
        </record>
        <record id="fleet_rule_rent_visibility_user" model="ir.rule">
            <field name="name">User can only see his/her rents</field>
            <field name="model_id" ref="model_fleet_rent"/>
            <field name="groups" eval="[(4, ref('group_vehicle_rent_user'))]"/>
            <field name="perm_read" eval="True"/>
            <field name="perm_write" eval="False"/>
            <field name="perm_create" eval="False"/>
            <field name="perm_unlink" eval="False"/>
            <field name="domain_force">['|',('tenant_id','=',user.id),('tenant_id','=',False)]</field>
        </record>
        
        <record id="fleet_rule_rent_visibility_manager" model="ir.rule">
            <field name="name">Manager can see all the rents</field>
            <field name="model_id" ref="model_fleet_rent"/>
            <field name="groups" eval="[(4, ref('group_vehicle_rent_manager'))]"/>
            <field name="perm_read" eval="True"/>
            <field name="perm_write" eval="True"/>
            <field name="perm_create" eval="True"/>
            <field name="perm_unlink" eval="True"/>
            <field name="domain_force">[(1,'=',1)]</field>
        </record>

        <!-- <record id="fleet_rule_tenancy_visibility_user" model="ir.rule">
            <field name="name">User can only see his/her tenancy</field>
            <field name="model_id" ref="model_tenancy_rent_schedule"/>
            <field name="groups" eval="[(4, ref('group_vehicle_rent_user'))]"/>
            <field name="perm_read" eval="True"/>
            <field name="perm_write" eval="False"/>
            <field name="perm_create" eval="False"/>
            <field name="perm_unlink" eval="False"/>
            <field name="domain_force">['|',('fleet_rent_id.tenant_id','=',user.id),('fleet_rent_id.tenant_id','=',False)]</field>
        </record> -->

        <record id="fleet_rule_tenancy_visibility_manager" model="ir.rule">
            <field name="name">Manager can see all the tenancy</field>
            <field name="model_id" ref="model_tenancy_rent_schedule"/>
            <field name="groups" eval="[(4, ref('group_vehicle_rent_manager'))]"/>
            <field name="perm_read" eval="True"/>
            <field name="perm_write" eval="True"/>
            <field name="perm_create" eval="True"/>
            <field name="perm_unlink" eval="True"/>
            <field name="domain_force">[(1,'=',1)]</field>
        </record>

        <record id="fleet_rent_show_tenants_rule_user" model="ir.rule">
            <field name="name">User can only see his/her tenants</field>
            <field name="model_id" ref="model_res_users"/>
            <field name="groups" eval="[(4, ref('group_vehicle_rent_user'))]"/>
            <field name="perm_read" eval="True"/>
            <field name="perm_write" eval="False"/>
            <field name="perm_create" eval="False"/>
            <field name="perm_unlink" eval="False"/>
            <field name="domain_force">[('id','=',user.id)]</field>
        </record>

        <record id="fleet_rent_show_tenants_rule_manager" model="ir.rule">
            <field name="name">Manager can see all the tenants</field>
            <field name="model_id" ref="model_res_users"/>
            <field name="groups" eval="[(4, ref('group_vehicle_rent_manager'))]"/>
            <field name="perm_read" eval="True"/>
            <field name="perm_write" eval="True"/>
            <field name="perm_create" eval="True"/>
            <field name="perm_unlink" eval="True"/>
            <field name="domain_force">[(1,'=',1)]</field>
        </record>

        <record id="fleet_rent_rule_user" model="ir.rule">
            <field name="name">User can only see his/her vehicle</field>
            <field name="model_id" ref="model_fleet_vehicle"/>
            <field name="groups" eval="[(4, ref('group_vehicle_rent_user'))]"/>
            <field name="perm_read" eval="True"/>
            <field name="perm_write" eval="False"/>
            <field name="perm_create" eval="False"/>
            <field name="perm_unlink" eval="False"/>
            <field name="domain_force">[(1,'=',1)]</field>
        </record>
    </data>
</odoo>