<?xml version="1.0" encoding="utf-8"?>
<odoo>
	<data>
		<record id="group_plm_viewuser" model="res.groups">
	  		<field name="name">PLM / View Users</field>
		</record>
		<record id="group_plm_integrationuser" model="res.groups">
			<field name="name">PLM / Integration Users</field>
		</record>
		<record id="group_plm_validationuser" model="res.groups">
			<field name="name">PLM / Validation Users</field>
		</record>
		<record id="group_plm_admin" model="res.groups">
			<field name="name">PLM / Administrators</field>
		</record>
	</data>
</odoo>
