group_id:id,id,name,model_id,perm_read,perm_write,perm_create,perm_unlink
group_plm_admin,access_plm_logging,plm_logging,plm.logging,1,1,1,0
group_plm_admin,access_plm_checkout,plm_checkout,plm.checkout,1,1,1,1
group_plm_admin,access_plm_component_document_rel,plm_component_document_rel,plm.component.document.rel,1,1,1,1
group_plm_admin,access_plm_document_relation,plm_document_relation,plm.document.relation,1,1,1,1
group_plm_admin,access_product_product,product_product,product.product,1,1,1,1
group_plm_admin,access_product_template,product_template,product.template,1,1,1,1
group_plm_admin,access_ir_attachment,ir_attachment,ir.attachment,1,1,1,1
group_plm_admin,access_plm_document,plm_document,plm.document,1,1,1,1
group_plm_admin,access_report_plm_component,report_plm_component,report.plm_component,1,1,1,1
group_plm_admin,access_report_plm_component_year,report_plm_component_year,report.plm_component.year,1,1,1,1
group_plm_admin,access_report_plm_document,report_plm_document,report.plm_document.user,1,1,1,1
group_plm_admin,access_report_plm_document_file,report_plm_document_file,report.plm_document.file,1,1,1,1
group_plm_admin,access_report_plm_files_partner,report_plm_files_partner,report.plm_files.partner,1,1,1,1
group_plm_admin,access_report_plm_document_wall,report_plm_document_wall,report.plm_document.wall,1,1,1,1
group_plm_admin,access_report_plm_checkout_board,report_plm_checkout_board,report.plm_checkout.board,1,1,1,1
group_plm_admin,access_compare_bom,plm_compare_bom,plm.compare.bom,1,1,1,1
group_plm_admin,access_adding_bom,plm_adding_bom,plm.adding.bom,1,1,1,1
group_plm_admin,access_missing_bom,plm_missing_bom,plm.missing.bom,1,1,1,1
group_plm_admin,access_plm_temporary,plm_temporary,plm.temporary,1,1,1,1
group_plm_admin,access_mrp_bom,mrp_bom,mrp.bom,1,1,1,1
group_plm_admin,access_mrp_bom_line,mrp_bom_line,mrp.bom.line,1,1,1,1
group_plm_admin,access_plm_descriptions,plm_description,plm.description,1,1,1,1
group_plm_admin,access_plm_finishings,plm_finishing,plm.finishing,1,1,1,1
group_plm_admin,access_plm_materials,plm_material,plm.material,1,1,1,1
group_plm_admin,access_ir_property,ir_property,ir.property,1,1,1,1
group_plm_admin,access_plm_backupdoc,plm_backupdoc,plm.backupdoc,1,1,1,1
group_plm_admin,access_plm_config_settings,plm_config_settings,plm.config.settings,1,1,1,1
group_plm_admin,access_plm_codelist,plm_codelist,plm.codelist,1,1,1,1
group_plm_admin,access_plm_doculist,plm_doculist,plm.doculist,1,1,1,1
group_plm_admin,access_plm_email_thread,mail_thread,mail.thread,1,1,1,1
group_plm_admin,access_plm_email_advice,plm_mail,plm.mail,1,1,1,1
group_plm_admin,access_plm_check_product,plm_check_product,plm.check.product,1,1,1,1
group_plm_admin,access_plm_check_document,plm_check_document,plm.check.document,1,1,1,1
group_plm_integrationuser,access_iu_plm_logging,plm_logging,plm.logging,1,1,1,0
group_plm_integrationuser,access_iu_plm_checkout,plm_checkout,plm.checkout,1,1,1,1
group_plm_integrationuser,access_iu_plm_component_document_rel,plm_component_document_rel,plm.component.document.rel,1,1,1,1
group_plm_integrationuser,access_iu_plm_document_relation,plm_document_relation,plm.document.relation,1,1,1,1
group_plm_integrationuser,access_iu_product_product,product_product,product.product,1,1,1,1
group_plm_integrationuser,access_iu_product_template,product_template,product.template,1,1,1,1
group_plm_integrationuser,access_iu_ir_attachment,ir_attachment,ir.attachment,1,1,1,1
group_plm_integrationuser,access_iu_plm_document,plm_document,plm.document,1,1,1,1
group_plm_integrationuser,access_iu_report_plm_component,report_plm_component,report.plm_component,1,1,1,1
group_plm_integrationuser,access_iu_report_plm_component_year,report_plm_component_year,report.plm_component.year,1,1,1,1
group_plm_integrationuser,access_iu_report_plm_document,report_plm_document,report.plm_document.user,1,1,1,0
group_plm_integrationuser,access_iu_report_plm_document_file,report_plm_document_file,report.plm_document.file,1,1,1,0
group_plm_integrationuser,access_iu_report_plm_files_partner,report_plm_files_partner,report.plm_files.partner,1,1,1,1
group_plm_integrationuser,access_iu_report_plm_document_wall,report_plm_document_wall,report.plm_document.wall,1,1,1,1
group_plm_integrationuser,access_iu_report_plm_checkout_board,report_plm_checkout_board,report.plm_checkout.board,1,1,1,1
group_plm_integrationuser,access_iu_compare_bom,plm_compare_bom,plm.compare.bom,1,1,1,1
group_plm_integrationuser,access_iu_adding_bom,plm_adding_bom,plm.adding.bom,1,1,1,1
group_plm_integrationuser,access_iu_missing_bom,plm_missing_bom,plm.missing.bom,1,1,1,1
group_plm_integrationuser,access_iu_plm_temporary,plm_temporary,plm.temporary,1,1,1,1
group_plm_integrationuser,access_iu_mrp_bom,mrp_bom,mrp.bom,1,1,1,1
group_plm_integrationuser,access_iu_mrp_bom_line,mrp_bom_line,mrp.bom.line,1,1,1,1
group_plm_integrationuser,access_iu_plm_descriptions,plm_description,plm.description,1,0,0,0
group_plm_integrationuser,access_iu_plm_finishings,plm_finishing,plm.finishing,1,0,0,0
group_plm_integrationuser,access_iu_plm_materials,plm_material,plm.material,1,0,0,0
group_plm_integrationuser,access_iu_ir_property,ir_property,ir.property,1,1,1,1
group_plm_integrationuser,access_iu_plm_backupdoc,plm_backupdoc,plm.backupdoc,0,1,1,0
group_plm_integrationuser,access_iu_plm_config_settings,plm_config_settings,plm.config.settings,1,1,1,0
group_plm_integrationuser,access_iu_plm_codelist,plm_codelist,plm.codelist,1,1,0,0
group_plm_integrationuser,access_iu_plm_doculist,plm_doculist,plm.doculist,1,1,0,0
group_plm_integrationuser,access_iu_plm_email_thread,mail_thread,mail.thread,1,1,1,0
group_plm_integrationuser,access_iu_plm_check_product,plm_check_product,plm.check.product,1,1,1,1
group_plm_integrationuser,access_iu_plm_check_document,plm_check_document,plm.check.document,1,1,1,1
group_plm_validationuser,access_vl_plm_logging,plm_logging,plm.logging,1,1,1,0
group_plm_validationuser,access_vl_plm_checkout,plm_checkout,plm.checkout,1,1,1,0
group_plm_validationuser,access_vl_plm_config_settings,plm_config_settings,plm.config.settings,1,1,1,0
group_plm_validationuser,access_vl_plm_component_document_rel,plm_component_document_rel,plm.component.document.rel,1,1,1,0
group_plm_validationuser,access_vl_plm_document_relation,plm_document_relation,plm.document.relation,1,1,1,0
group_plm_validationuser,access_vl_product_product,product_product,product.product,1,1,1,0
group_plm_validationuser,access_vl_product_template,product_template,product.template,1,1,1,0
group_plm_validationuser,access_vl_ir_attachment,ir_attachment,ir.attachment,1,1,1,1
group_plm_validationuser,access_vl_plm_document,plm_document,plm.document,1,1,1,0
group_plm_validationuser,access_vl_report_plm_component,report_plm_component,report.plm_component,1,1,1,0
group_plm_validationuser,access_vl_report_plm_component_year,report_plm_component_year,report.plm_component.year,1,1,1,1
group_plm_validationuser,access_vl_report_plm_document,report_plm_document,report.plm_document.user,1,1,1,0
group_plm_validationuser,access_vl_report_plm_document_file,report_plm_document_file,report.plm_document.file,1,1,1,0
group_plm_validationuser,access_vl_report_plm_files_partner,report_plm_files_partner,report.plm_files.partner,1,1,1,1
group_plm_validationuser,access_vl_report_plm_document_wall,report_plm_document_wall,report.plm_document.wall,1,1,1,1
group_plm_validationuser,access_vl_report_plm_checkout_board,report_plm_checkout_board,report.plm_checkout.board,1,1,1,1
group_plm_validationuser,access_vl_compare_bom,plm_compare_bom,plm.compare.bom,1,1,1,1
group_plm_validationuser,access_vl_adding_bom,plm_adding_bom,plm.adding.bom,1,1,1,1
group_plm_validationuser,access_vl_missing_bom,plm_missing_bom,plm.missing.bom,1,1,1,1
group_plm_validationuser,access_vl_plm_temporary,plm_temporary,plm.temporary,1,1,1,1
group_plm_validationuser,access_vl_mrp_bom,mrp_bom,mrp.bom,1,1,1,1
group_plm_validationuser,access_vl_mrp_bom_line,mrp_bom_line,mrp.bom.line,1,1,1,1
group_plm_validationuser,access_vl_plm_descriptions,plm_description,plm.description,1,0,0,0
group_plm_validationuser,access_vl_plm_finishings,plm_finishing,plm.finishing,1,0,0,0
group_plm_validationuser,access_vl_plm_materials,plm_material,plm.material,1,0,0,0
group_plm_validationuser,access_vl_ir_property,ir_property,ir.property,1,1,1,0
group_plm_validationuser,access_vl_plm_backupdoc,plm_backupdoc,plm.backupdoc,0,1,1,0
group_plm_validationuser,access_vl_plm_config_settings,plm_config_settings,plm.config.settings,1,1,1,0
group_plm_validationuser,access_vl_plm_codelist,plm_codelist,plm.codelist,1,1,0,0
group_plm_validationuser,access_vl_plm_doculist,plm_doculist,plm.doculist,1,1,0,0
group_plm_validationuser,access_vl_plm_email_thread,mail_thread,mail.thread,1,1,1,0
group_plm_validationuser,access_vl_plm_check_product,plm_check_product,plm.check.product,1,1,1,1
group_plm_validationuser,access_vl_plm_check_document,plm_check_document,plm.check.document,1,1,1,1
group_plm_viewuser,access_vw_plm_logging,plm_logging,plm.logging,1,1,1,0
group_plm_viewuser,access_vw_plm_checkout,plm_checkout,plm.checkout,1,0,0,0
group_plm_viewuser,access_vw_plm_component_document_rel,plm_component_document_rel,Component Document Relations,1,0,0,0
group_plm_viewuser,access_vw_plm_document_relation,plm_document_relation,plm.document.relation,1,0,0,0
group_plm_viewuser,access_vw_prudct_product,product_product,product.product,1,0,0,0
group_plm_viewuser,access_vw_product_template,product_template,product.template,1,0,0,0
group_plm_viewuser,access_vw_ir_attachment,ir_attachment,ir.attachment,1,0,0,0
group_plm_viewuser,access_vw_plm_document,plm_document,plm.document,1,0,0,0
group_plm_viewuser,access_vw_report_plm_component,report_plm_component,report.plm_component,1,0,0,0
group_plm_viewuser,access_vw_report_plm_component_year,report_plm_component_year,report.plm_component.year,1,1,1,1
group_plm_viewuser,access_vw_report_plm_document,report_plm_document,report.plm_document.user,1,0,0,0
group_plm_viewuser,access_vw_report_plm_document_file,report_plm_document_file,report.plm_document.file,1,0,0,0
group_plm_viewuser,access_vw_report_plm_files_partner,report_plm_files_partner,report.plm_files.partner,1,1,1,1
group_plm_viewuser,access_vw_report_plm_document_wall,report_plm_document_wall,report.plm_document.wall,1,1,1,1
group_plm_viewuser,access_vw_report_plm_checkout_board,report_plm_checkout_board,report.plm_checkout.board,1,1,1,1
group_plm_viewuser,access_vw_compare_bom,plm_compare_bom,plm.compare.bom,1,1,1,1
group_plm_viewuser,access_vw_adding_bom,plm_adding_bom,plm.adding.bom,1,1,1,1
group_plm_viewuser,access_vw_missing_bom,plm_missing_bom,plm.missing.bom,1,1,1,1
group_plm_viewuser,access_vw_mrp_bom,mrp_bom,mrp.bom,1,0,0,0
group_plm_viewuser,access_vw_mrp_bom_line,mrp_bom_line,mrp.bom.line,1,0,0,0
group_plm_viewuser,access_vw_plm_descriptions,plm_description,plm.description,1,0,0,0
group_plm_viewuser,access_vw_plm_finishings,plm_finishing,Surface Finishing,1,0,0,0
group_plm_viewuser,access_vw_plm_materials,plm_material,plm.material,1,0,0,0
group_plm_viewuser,access_vw_ir_property,ir_property,ir.property,1,0,0,0
group_plm_viewuser,access_vw_plm_backupdoc,plm_backupdoc,plm.backupdoc,0,0,0,0
group_plm_viewuser,access_vw_plm_config_settings,plm_config_settings,plm.config.settings,1,0,0,0
group_plm_viewuser,access_vw_plm_codelist,plm_codelist,plm.codelist,1,1,0,0
group_plm_viewuser,access_vw_plm_doculist,plm_doculist,plm.doculist,1,1,0,0
group_plm_viewuser,access_vw_plm_email_thread,mail_thread,mail.thread,1,1,1,0
