<?xml version="1.0" encoding="utf-8"?>
<odoo>
    <data>
        <record id="ir_cron_ticket_status_update" model="ir.cron">
            <field name="name">Flight ticket status update</field>
             <field name="model_id" ref="model_hr_flight_ticket"/>
            <field name="state">code</field>
            <field name="code">model.run_update_ticket_status()</field>
            <field name="interval_number">1</field>
            <field name="interval_type">days</field>
            <field name="numbercall">-1</field>
            <field eval="False" name="doall" />
        </record>

        <record id="hr_email_leave_reminder" model="ir.cron">
            <field name="name">HR Leave Reminder</field>
            <field name="model_id" ref="hr_holidays.model_hr_leave"/>
            <field name="state">code</field>
            <field name="code">model.send_leave_reminder()</field>
            <field name="interval_number">1</field>
            <field name="interval_type">days</field>
            <field name="numbercall">-1</field>
            <field eval="False" name="doall" />
        </record>

        <record id="air_lines_partner" model="res.partner">
            <field name="name">Airlines</field>
        </record>
    </data>
</odoo>