<odoo>
    <data>
      <template id="assets_google_tags_manager" inherit_id="web.layout" name="Yandex Assests">
        <xpath expr="//head" position="after">
            <!-- Google Tag Manager -->
            <script t-if="website and website.google_tags_manager_enable and website.google_tags_manager_key">(function(w,d,s,l,i){w[l]=w[l]||[];w[l].push({'gtm.start':
                new Date().getTime(),event:'gtm.js'});var f=d.getElementsByTagName(s)[0],
                j=d.createElement(s),dl=l!='dataLayer'?'&amp;l='+l:'';j.async=true;j.src=
                'https://www.googletagmanager.com/gtm.js?id='+i+dl;f.parentNode.insertBefore(j,f);
                })(window,document,'script','dataLayer','<t t-esc="website.google_tags_manager_key"/>');</script>
             <!-- End Google Tag Manager -->
        </xpath>

        <xpath expr="//body" position="after">
            <!-- Google Tag Manager (noscript) -->
            <noscript t-if="website and website.google_tags_manager_enable and website.google_tags_manager_key"><iframe t-attf-src="https://www.googletagmanager.com/ns.html?id={{ website.google_tags_manager_key }}"
            height="0" width="0" style="display:none;visibility:hidden"></iframe></noscript>
            <!-- End Google Tag Manager (noscript) -->
        </xpath>
      </template>
    </data>
</odoo>