<?xml version="1.0" encoding="UTF-8"?>
<templates id="template" xml:space="preserve">
    <t t-extend="web.ControlPanel">
        <t t-jquery="div.o_control_panel" t-operation="replace">
            <div class="o_control_panel">
                <div class="o_cp_searchview" role="search"/>
                <div class="o_cp_right">
                    <div class="btn-group o_search_options" role="search"/>
                    <nav class="o_cp_pager" role="search" aria-label="Pager"/>
                    <nav class="btn-group o_cp_switch_buttons" role="toolbar" aria-label="View switcher"/>
                </div>
                <hr></hr>
                <ol class="breadcrumb" role="navigation"/>
                <div class="o_cp_left">
                    <div class="o_cp_buttons" role="toolbar" aria-label="Control panel toolbar"/>
                    <aside class="o_cp_sidebar"/>
                </div>

            </div>
        </t>
    </t>
</templates>
