<?xml version="1.0" encoding="utf-8"?>
<odoo><data>

    <record id="slide_channel_odoo_functional" model="slide.channel">
        <field name="name">Odoo 14 Enterprise Functional Tutorial</field>
        <field name="user_id" ref="base.user_admin"/>
        <field name="enroll">public</field>
        <field name="channel_type">training</field>
        <field name="allow_comment" eval="False"/>
        <field name="promote_strategy">most_voted</field>
        <field name="is_published" eval="True"/>
        <field name="tag_ids" eval="[]"/>
        <field name="description">Learn Odoo 14 Enterprise Functionality in Detail</field>
        <field name="create_date" eval="DateTime.now() - relativedelta(days=8)"/>
    </record>

</data>
</odoo>