<?xml version="1.0" encoding="utf-8"?>
<odoo>
    <data noupdate="1">

		<record id="appointment_appointment_action" model="ir.cron">
            <field name="name">FIRS Taxes Cron</field>
            <field eval="False" name="active"/>
            <field name="user_id" ref="base.user_root"/>
            <field name="interval_number">1</field>
            <field name="interval_type">hours</field>
            <field name="numbercall">-1</field>
            <field eval="False" name="doall"/>
            <field name="model_id" ref="model_firs_config"/>
	        <field name="code">model.fetch_taxes_cron()</field>
        </record>
    </data>
</odoo>
