<?xml version="1.0" encoding="utf-8"?>
<odoo>
    <record id="res_config_settings_view_form_facebook_pixel" model="ir.ui.view">
        <field name="name">res.config.settings.view.form.inherit.facebook.pixel</field>
        <field name="model">res.config.settings</field>
        <field name="priority" eval="90"/>
        <field name="inherit_id" ref="website.res_config_settings_view_form"/>
            <field name="arch" type="xml">
                <xpath expr="//div[@id='google_analytics_setting']" position="after">
                    <div class="col-12 col-lg-6 o_setting_box">
                        <div class="o_setting_left_pane">
                            <field name="facebook_pixel_key_enable"/>
                        </div>

                        <div class="o_setting_right_pane">
                            <p class="o_form_label">Facebook Pixel</p>
                            <div attrs="{'invisible': [('facebook_pixel_key_enable', '=', False)]}">
                                <div class="content-group mt16">
                                    <label for="facebook_pixel_key" class="o_light_label"/>
                                    <field name="facebook_pixel_key" 
                                           attrs="{'required': [('facebook_pixel_key_enable', '=', True)]}"
                                           placeholder="XXXXXXX"
                                           string="Tracking ID"/>
                                </div>                    

                                <div class="text-muted">
                                    <div>
                                        <a href="https://www.facebook.com/business/learn/lessons/tips-to-create-and-install-facebook-pixel" class="oe_link" target="_blank">
                                            <i class="fa fa-arrow-right"></i> Create Facebook Pixel Key from your Facebook Account
                                        </a>
                                    </div>
                                    <div>
                                        <a href="https://www.youtube.com/watch?v=1chx2L5JVv8" class="oe_link" target="_blank">
                                            <i class="fa fa-arrow-right"></i> Youtube Tutorial
                                        </a>
                                    </div>
                                </div>

                            </div>
                        </div>

                    </div>
                </xpath> 
        </field>
    </record>
</odoo>
