<?xml version="1.0" encoding="utf-8"?>
<odoo>
    <data noupdate="1">

        <record id="education_academic_year_data" model="education.academic.year">
            <field name="name">2018-2019</field>
            <field name="ay_start_date">2018-06-01</field>
            <field name="ay_end_date">2019-04-01</field>
            <field name="ay_code">150</field>
            <field name="active">1</field>
            <field name="sequence">10</field>
        </record>

        <record id="document_type_data" model="document.document">
            <field name="name">TC</field>
            <field name="description">Transfer Certificate</field>
        </record>

        <record id="document_type_data2" model="document.document">
            <field name="name">Birth Certificate</field>
            <field name="description">Birth Certificate of the student</field>
        </record>

        <record id="reject_reason_data" model="application.reject.reason">
            <field name="name">Low Marks</field>
        </record>

        <record id="education_class_data" model="education.class">
            <field name="name">10</field>
        </record>

        <record id="education_subject_data1" model="education.subject">
            <field name="name">Mathematics</field>
            <field name="code">M1</field>
            <field name="type">compulsory</field>
            <field name="weightage">2</field>
        </record>

        <record id="education_subject_data2" model="education.subject">
            <field name="name">Science</field>
            <field name="code">SC1</field>
            <field name="type">compulsory</field>
            <field name="weightage">3</field>
        </record>

        <record id="education_subject_data3" model="education.subject">
            <field name="name">English</field>
            <field name="is_language">1</field>
            <field name="code">EN1</field>
            <field name="type">compulsory</field>
            <field name="weightage">1</field>
        </record>

        <record id="syllabus_data" model="education.syllabus">
            <field name="name">CBSE</field>
            <field name="subject_id" ref="education_subject_data1"/>
            <field name="class_id" ref="education_class_data"/>
            <field name="total_hours">50</field>
            <field name="description">50 Hours of class is necessary"</field>
        </record>

        <record id="education_division_data" model="education.division">
            <field name="name">A</field>
        </record>

        <record id="education_mother_tongue_data1" model="education.mother.tongue">
            <field name="name">Hindi</field>
            <field name="code">HIN</field>
        </record>

        <record id="education_amenities_data1" model="education.amenities">
            <field name="name">AC</field>
            <field name="code">AC1</field>
        </record>

        <record id="education_amenities_data2" model="education.amenities">
            <field name="name">Drinking Water</field>
            <field name="code">DW1</field>
        </record>

        <record id="education_amenities_data3" model="education.amenities">
            <field name="name">Projector</field>
            <field name="code">PR1</field>
        </record>

        <record id="education_mother_tongue_data2" model="education.mother.tongue">
            <field name="name">Tamil</field>
            <field name="code">TAM</field>
        </record>

        <record id="education_medium_data" model="education.medium">
            <field name="name">English</field>
        </record>

        <record id="education_parent_data" model="res.partner">
            <field name="name">Daniel George</field>
            <field name="email">daniel@cybrosys.com</field>
            <field name="image_1920" type="base64" file="education_core/static/src/img/parent.jpeg"/>
            <field name="is_parent" eval="True"/>
            <field name="city">Banglore</field>
            <field name="zip">530068</field>
            <field name="country_id" ref="base.in"/>
            <field name="street">560003 Majestic</field>
        </record>

        <record id="education_parent_data2" model="res.partner">
            <field name="name">Joseph Alex</field>
            <field name="email">joseph@cybrosys.com</field>
            <field name="image_1920" type="base64" file="education_core/static/src/img/parent2.jpeg"/>
            <field name="is_parent" eval="True"/>
            <field name="city">Calicut</field>
            <field name="zip">670645</field>
            <field name="country_id" ref="base.in"/>
            <field name="street">670645 Calicut</field>
        </record>

        <record id="education_faculty_data" model="education.faculty">
            <field name="name">John</field>
            <field name="last_name">Doe</field>
            <field name="gender">male</field>
            <field name="father_name">Issac John</field>
            <field name="guardian_name">Issac John</field>
            <field name="mother_name">Irine</field>
            <field name="blood_group">a+</field>
            <field name="mobile">9876543210</field>
            <field name="image" type="base64" file="education_core/static/src/img/faculty.png"/>
            <field name="email">johndoe@cybrosys.in</field>
        </record>

        <record id="class_division_data" model="education.class.division">
            <field name="name">10-A</field>
            <field name="actual_strength">40</field>
            <field name="academic_year_id" ref="education_academic_year_data"/>
            <field name="class_id" ref="education_class_data"/>
            <field name="division_id" ref="education_division_data"/>
            <field name="faculty_id" ref="education_faculty_data"/>
        </record>

        <record id="student_application_data1" model="education.application">
            <field name="name">John</field>
            <field name="middle_name">Daniel</field>
            <field name="last_name">Smith</field>
            <field name="admission_date">2018-06-06 00:00:00</field>
            <field name="medium" ref="education_medium_data"/>
            <field name="admission_class" ref="education_class_data"/>
            <field name="academic_year_id" ref="education_academic_year_data"/>
            <field name="sec_lang" ref="education_subject_data3"/>
            <field name="father_name">Daniel George</field>
            <field name="mother_name">Lissa Abraham</field>
            <field name="guardian_name" ref="education_parent_data"/>
            <field name="date_of_birth">1994-11-11</field>
            <field name="gender">male</field>
            <field name="blood_group">a+</field>
            <field name="street">Mumbai</field>
            <field name="is_same_address">1</field>
            <field name="mobile">9998889988</field>
            <field name="image" type="base64" file="education_core/static/src/img/student.png"/>
            <field name="mother_tongue" ref="education_mother_tongue_data1"/>
        </record>

        <record id="student_application_data2" model="education.application">
            <field name="name">Steve</field>
            <field name="middle_name">S</field>
            <field name="last_name">Smith</field>
            <field name="admission_date">2018-06-06 00:00:00</field>
            <field name="medium" ref="education_medium_data"/>
            <field name="admission_class" ref="education_class_data"/>
            <field name="academic_year_id" ref="education_academic_year_data"/>
            <field name="sec_lang" ref="education_subject_data3"/>
            <field name="father_name">Joseph Alex</field>
            <field name="mother_name">Smruthi K</field>
            <field name="guardian_name" ref="education_parent_data2"/>
            <field name="date_of_birth">2000-07-11</field>
            <field name="gender">male</field>
            <field name="blood_group">ab+</field>
            <field name="street">New Delhi</field>
            <field name="is_same_address">1</field>
            <field name="mobile">7736773676</field>
            <field name="image" type="base64" file="education_core/static/src/img/student2.jpeg"/>
            <field name="mother_tongue" ref="education_mother_tongue_data1"/>
        </record>

        <record id="education_document_data" model="education.documents">
            <field name="reference">156</field>
            <field name="document_name" ref="document_type_data"/>
            <field name="description">Provided the TC of the student</field>
            <field name="verified_by" ref="base.user_root"/>
            <field name="application_ref" ref="student_application_data2"/>
            <field name="verified_date">2018-07-07</field>
            <field name="state">done</field>
        </record>

        <record id="education_core.student_application_data2" model="education.application">
            <field name="state">done</field>
        </record>

        <record id="student_data1" model="education.student">
            <field name="name">Steve</field>
            <field name="middle_name">S</field>
            <field name="last_name">Smith</field>
            <field name="medium" ref="education_medium_data"/>
            <field name="class_id" ref="class_division_data"/>
            <field name="admission_class" ref="education_class_data"/>
            <field name="sec_lang" ref="education_subject_data3"/>
            <field name="father_name">Joseph Alex</field>
            <field name="mother_name">Smruthi K</field>
            <field name="guardian_name" ref="education_parent_data2"/>
            <field name="application_id" ref="student_application_data2"/>
            <field name="date_of_birth">2000-07-11</field>
            <field name="gender">male</field>
            <field name="blood_group">ab+</field>
            <field name="street">New Delhi</field>
            <field name="is_same_address">1</field>
            <field name="mobile">7736773676</field>
            <field name="email">steve@cybrosys.in</field>
            <field name="phone">+2547896</field>
            <field name="image_1920" type="base64" file="education_core/static/src/img/student2.jpeg"/>
            <field name="mother_tongue" ref="education_mother_tongue_data1"/>
        </record>

        <record id="assign_class_data" model="education.student.class">
            <field name="class_id" ref="education_class_data"/>
            <field name="admitted_class" ref="class_division_data"/>
            <field name="assigned_by" ref="base.user_root"/>
            <field name="state">done</field>
        </record>

        <record id="assign_student_list_data" model="education.student.list">
            <field name="connect_id" ref="assign_class_data"/>
            <field name="student_id" ref="student_data1"/>
            <field name="class_id" ref="class_division_data"/>
        </record>

    </data>
</odoo>
